{"cameraMode":{"drawMode":0,"name":"Shaded","section":"Shading Mode"},"sceneLighting":true,"audioPlay":false,"sceneViewState":{"showFog":true,"showMaterialUpdate":false,"showSkybox":true,"showFlares":true,"showImageEffects":true,"showParticleSystems":true},"in2DMode":false,"pivot":{"x":1.1242077350616456,"y":0.6858137845993042,"z":-1.1849825382232667},"rotation":{"x":-0.04014451429247856,"y":0.956863522529602,"z":-0.1611112505197525,"w":-0.23842348158359528},"size":5.304999351501465,"orthographic":false}